+055,
+055,
+055,
+055,
+055,
+055,
+055,
+055,
+055,
+055,
+055,
+055,
+055,
+055,
+055,
+055,
+055,
+055,
+055,
+055,
+055,
+055,
+055,
+055,
+055,
+055,
+055,
+055,
+055,
+055,
+055,
+055,
+055,
+055,
+055,
+055,
+055,
+055,
+055,
+055,
+055,
+055,
+055,
+055,
+055,
+055,
+055,
+055,
+055,
+055,
+055,
+055,
+055,
+055,
+055,
+055,
+055,
+055,
+055,
+055,
+055,
+055,
+055,
+055,
+055,
+055,
+055,
+055,
+055,
+055,
+055,
+055,
+055,
+055,
+055,
+055,
+055,
+055,
+055,
+055,
+055,
+055,
+055,
+055,
+055,
+055,
+055,
+055,
+055,
+055,
+055,
+055,
+055,
+055,
+055,
+055,
+055,
+055,
+055,
+055,
+055,
+055,
+055,
+055,
+055,
+055,
+055,
+055,
+055,
+055,
+055,
+055,
+055,
+055,
+055,
+055,
+055,
+055,
+055,
+055,
+055,
+055,
+055,
+055,
+055,
+055,
+055,
+055,
+055,
+055,
+055,
+055,
+055,
+055,
+055,
+055,
+055,
+055,
+055,
+055,
+055,
+055,
+055,
+055,
+055,
+055,
+055,
+055,
+055,
+055,
+055,
+055,
+055,
+055,
+055,
+055,
+055,
+055,
+055,
+055,
+055,
+055,
+055,
+055,
+055,
+055,
+055,
+055,
+055,
+055,
+055,
+055,
+055,
+055,
+055,
+055,
+055,
+055,
+055,
+055,
+055,
+055,
+055,
+055,
+055,
+055,
+055,
+055,
+055,
+055,
+055,
+055,
+055,
+055,
+055,
+055,
+055,
+055,
+055,
+055,
+055,
+055,
+055,
+055,
+055,
+055,
+055,
+055,
+055,
+055,
+055,
+055,
+055,
+055,
+055,
+055,
+055,
+055,
+055,
+055,
+055,
+055,
+055,
+055,
+055,
+055,
+055,
+055,
+055,
+055,
+055,
+055,
+055,
+055,
+055,
+055,
+055,
+055,
+055,
+055,
+055,
+055,
+055,
+055,
+055,
+055,
+055,
+055,
+055,
+055,
+055,
+055,
+055,
+055,
+055,
+055,
+055,
+055,
+055,
+055,
+055,
+055,
+055,
+055,
+055,
+055,
+055,
+055,
+055,
+055,
+055,
+055,
+055,
+055,
+055,
+055,
+055,
+055,
+055,
+055,
+055,
+055,
+055,
+055,
+055,
+055,
+055,
+055,
+055,
+055,
+055,
+055,
+055,
+055,
+055,
+055,
+055,
+055,
+055,
+055,
+055,
+055,
+055,
+055,
+055,
+055,
+055,
+055,
+055,
+055,
+055,
+055,
+055,
+055,
+055,
+055,
+055,
+055,
+055,
+055,
+055,
+055,